experiment,query,sf,n_requested,n_actual,combo,flags,fetch_median,fetch_std,logic_median,logic_std,total_median,total_std,total_cv,n_repeats,sql_baseline_median,speedup,valid
sf_scaling,Q1,1.0,32,32,GD,"opt_precompute=on,opt_encode_group=on,opt_presort=on",0.05047,0.00295,0.00246,0.00019,0.05318,0.00292,0.0549,5,0.80474,15.1328,True
sf_scaling,Q1,1.0,32,32,SGDA,"opt_precompute=on,opt_encode_group=on,opt_presort=on",0.0,0.0,0.80474,0.03807,0.80474,0.03807,0.0473,5,0.80474,1.0,True
sf_scaling,Q1,2.0,32,32,GD,"opt_precompute=on,opt_encode_group=on,opt_presort=on",0.08166,0.00198,0.00267,0.00038,0.08467,0.00174,0.0205,5,1.25466,14.8186,True
sf_scaling,Q1,2.0,32,32,SGDA,"opt_precompute=on,opt_encode_group=on,opt_presort=on",0.0,0.0,1.25466,0.02428,1.25466,0.02428,0.0194,5,1.25466,1.0,True
sf_scaling,Q1,4.0,32,32,GD,"opt_precompute=on,opt_encode_group=on,opt_presort=on",0.14634,0.00329,0.0023,4e-05,0.14862,0.00329,0.0221,5,2.30588,15.5149,True
sf_scaling,Q1,4.0,32,32,SGDA,"opt_precompute=on,opt_encode_group=on,opt_presort=on",0.0,0.0,2.30588,0.11185,2.30588,0.11185,0.0485,5,2.30588,1.0,True
sf_scaling,Q1,8.0,32,32,GD,"opt_precompute=on,opt_encode_group=on,opt_presort=on",0.28887,0.00442,0.00235,0.00018,0.29121,0.00455,0.0156,5,4.66606,16.0228,True
sf_scaling,Q1,8.0,32,32,SGDA,"opt_precompute=on,opt_encode_group=on,opt_presort=on",0.0,0.0,4.66606,0.08782,4.66606,0.08782,0.0188,5,4.66606,1.0,True
sf_scaling,Q1,16.0,32,32,GD,"opt_precompute=on,opt_encode_group=on,opt_presort=on",0.54953,0.00855,0.00233,0.00062,0.55243,0.00846,0.0153,5,9.23397,16.7151,True
sf_scaling,Q1,16.0,32,32,SGDA,"opt_precompute=on,opt_encode_group=on,opt_presort=on",0.0,0.0,9.23397,0.1835,9.23397,0.1835,0.0199,5,9.23397,1.0,True
sf_scaling,Q3,1.0,32,160,(none),"opt_precompute=on,opt_encode_seg=on,opt_presort=on",0.97286,0.01718,1.44433,0.0281,2.41379,0.04483,0.0186,5,4.85325,2.0106,True
sf_scaling,Q3,1.0,32,160,CDG,"opt_precompute=on,opt_encode_seg=on,opt_presort=on",0.0,0.0,4.85325,0.10014,4.85325,0.10014,0.0206,5,4.85325,1.0,True
sf_scaling,Q3,2.0,32,160,(none),"opt_precompute=on,opt_encode_seg=on,opt_presort=on",1.88741,0.03335,2.97739,0.28503,4.89424,0.26486,0.0541,5,7.90792,1.6158,True
sf_scaling,Q3,2.0,32,160,CDG,"opt_precompute=on,opt_encode_seg=on,opt_presort=on",0.0,0.0,7.90792,0.14842,7.90792,0.14842,0.0188,5,7.90792,1.0,True
sf_scaling,Q3,4.0,32,160,(none),"opt_precompute=on,opt_encode_seg=on,opt_presort=on",3.76175,0.05112,6.49329,0.60032,10.25504,0.55914,0.0545,5,15.3187,1.4938,True
sf_scaling,Q3,4.0,32,160,CDG,"opt_precompute=on,opt_encode_seg=on,opt_presort=on",0.0,0.0,15.3187,0.47283,15.3187,0.47283,0.0309,5,15.3187,1.0,True
sf_scaling,Q3,8.0,32,160,(none),"opt_precompute=on,opt_encode_seg=on,opt_presort=on",7.36453,0.02866,12.83593,1.08095,20.19031,1.07249,0.0531,5,18.14151,0.8985,True
sf_scaling,Q3,8.0,32,160,CDG,"opt_precompute=on,opt_encode_seg=on,opt_presort=on",0.0,0.0,18.14151,0.68408,18.14151,0.68408,0.0377,5,18.14151,1.0,True
sf_scaling,Q3,16.0,32,160,(none),"opt_precompute=on,opt_encode_seg=on,opt_presort=on",14.70458,0.12424,32.80283,1.39934,47.50454,1.38531,0.0292,5,85.1973,1.7935,True
sf_scaling,Q3,16.0,32,160,CDG,"opt_precompute=on,opt_encode_seg=on,opt_presort=on",0.0,0.0,85.1973,44.79906,85.1973,44.79906,0.5258,5,85.1973,1.0,True
sf_scaling,Q4,1.0,32,128,E,"opt_presort_orders=on,opt_encode_priority=on",0.186,0.0246,0.14915,0.00126,0.33515,0.02481,0.074,5,3.60313,10.7507,True
sf_scaling,Q4,1.0,32,128,EJDG,"opt_presort_orders=on,opt_encode_priority=on",0.0,0.0,3.60313,0.04662,3.60313,0.04662,0.0129,5,3.60313,1.0,True
sf_scaling,Q4,2.0,32,128,E,"opt_presort_orders=on,opt_encode_priority=on",0.41884,0.01874,0.29299,0.00273,0.71183,0.01961,0.0275,5,5.7115,8.0237,True
sf_scaling,Q4,2.0,32,128,EJDG,"opt_presort_orders=on,opt_encode_priority=on",0.0,0.0,5.7115,0.07782,5.7115,0.07782,0.0136,5,5.7115,1.0,True
sf_scaling,Q4,4.0,32,128,E,"opt_presort_orders=on,opt_encode_priority=on",0.76864,0.0228,0.57707,0.00254,1.34571,0.02297,0.0171,5,9.93313,7.3814,True
sf_scaling,Q4,4.0,32,128,EJDG,"opt_presort_orders=on,opt_encode_priority=on",0.0,0.0,9.93313,0.15002,9.93313,0.15002,0.0151,5,9.93313,1.0,True
sf_scaling,Q4,8.0,32,128,E,"opt_presort_orders=on,opt_encode_priority=on",2.3642,0.0408,1.17991,0.00926,3.54741,0.04034,0.0114,5,19.62394,5.5319,True
sf_scaling,Q4,8.0,32,128,EJDG,"opt_presort_orders=on,opt_encode_priority=on",0.0,0.0,19.62394,0.34539,19.62394,0.34539,0.0176,5,19.62394,1.0,True
sf_scaling,Q4,16.0,32,128,E,"opt_presort_orders=on,opt_encode_priority=on",4.78364,0.06895,2.42172,0.03205,7.19389,0.07152,0.0099,5,30.53225,4.2442,True
sf_scaling,Q4,16.0,32,128,EJDG,"opt_presort_orders=on,opt_encode_priority=on",0.0,0.0,30.53225,0.22007,30.53225,0.22007,0.0072,5,30.53225,1.0,True
sf_scaling,Q6,1.0,32,32,SQ,"opt_presort=on,opt_precompute=on,opt_qty_premask=on",0.07784,0.0055,0.00224,0.00012,0.07998,0.00552,0.0691,5,0.27958,3.4958,True
sf_scaling,Q6,1.0,32,32,SDQA,"opt_presort=on,opt_precompute=on,opt_qty_premask=on",0.0,0.0,0.27958,0.04054,0.27958,0.04054,0.145,5,0.27958,1.0,True
sf_scaling,Q6,2.0,32,32,SQ,"opt_presort=on,opt_precompute=on,opt_qty_premask=on",0.14587,0.01594,0.00376,0.00045,0.14955,0.01579,0.1056,5,0.46159,3.0865,True
sf_scaling,Q6,2.0,32,32,SDQA,"opt_presort=on,opt_precompute=on,opt_qty_premask=on",0.0,0.0,0.46159,0.04361,0.46159,0.04361,0.0945,5,0.46159,1.0,True
sf_scaling,Q6,4.0,32,32,SQ,"opt_presort=on,opt_precompute=on,opt_qty_premask=on",0.33309,0.03142,0.00673,0.00034,0.33989,0.03126,0.092,5,0.98704,2.904,True
sf_scaling,Q6,4.0,32,32,SDQA,"opt_presort=on,opt_precompute=on,opt_qty_premask=on",0.0,0.0,0.98704,0.1227,0.98704,0.1227,0.1243,5,0.98704,1.0,True
sf_scaling,Q6,8.0,32,32,SQ,"opt_presort=on,opt_precompute=on,opt_qty_premask=on",0.68828,0.08175,0.01492,0.00103,0.70309,0.08246,0.1173,5,1.49901,2.132,True
sf_scaling,Q6,8.0,32,32,SDQA,"opt_presort=on,opt_precompute=on,opt_qty_premask=on",0.0,0.0,1.49901,0.12251,1.49901,0.12251,0.0817,5,1.49901,1.0,True
sf_scaling,Q6,16.0,32,32,SQ,"opt_presort=on,opt_precompute=on,opt_qty_premask=on",1.28388,0.04035,0.02677,0.00172,1.31066,0.04135,0.0316,5,3.33052,2.5411,True
sf_scaling,Q6,16.0,32,32,SDQA,"opt_presort=on,opt_precompute=on,opt_qty_premask=on",0.0,0.0,3.33052,0.15102,3.33052,0.15102,0.0453,5,3.33052,1.0,True
sf_scaling,Q7,1.0,32,32,(none),"opt_presort=on,opt_cumsum=on",0.75268,0.0286,0.00184,4e-05,0.75447,0.0286,0.0379,5,1.02246,1.3552,True
sf_scaling,Q7,1.0,32,32,NYG,"opt_presort=on,opt_cumsum=on",0.0,0.0,1.02246,0.02902,1.02246,0.02902,0.0284,5,1.02246,1.0,True
sf_scaling,Q7,2.0,32,32,(none),"opt_presort=on,opt_cumsum=on",1.44748,0.02015,0.00218,4e-05,1.44965,0.02017,0.0139,5,1.98101,1.3665,True
sf_scaling,Q7,2.0,32,32,NYG,"opt_presort=on,opt_cumsum=on",0.0,0.0,1.98101,0.05075,1.98101,0.05075,0.0256,5,1.98101,1.0,True
sf_scaling,Q7,4.0,32,32,(none),"opt_presort=on,opt_cumsum=on",3.16621,0.07226,0.00295,6e-05,3.16925,0.07226,0.0228,5,3.54265,1.1178,True
sf_scaling,Q7,4.0,32,32,NYG,"opt_presort=on,opt_cumsum=on",0.0,0.0,3.54265,0.12814,3.54265,0.12814,0.0362,5,3.54265,1.0,True
sf_scaling,Q7,8.0,32,32,(none),"opt_presort=on,opt_cumsum=on",6.16303,0.04086,0.00441,0.00032,6.16803,0.04075,0.0066,5,3.04768,0.4941,True
sf_scaling,Q7,8.0,32,32,NYG,"opt_presort=on,opt_cumsum=on",0.0,0.0,3.04768,0.10021,3.04768,0.10021,0.0329,5,3.04768,1.0,True
sf_scaling,Q7,16.0,32,32,(none),"opt_presort=on,opt_cumsum=on",12.62053,0.18145,0.00708,0.00024,12.62755,0.18138,0.0144,5,8.7223,0.6907,True
sf_scaling,Q7,16.0,32,32,NYG,"opt_presort=on,opt_cumsum=on",0.0,0.0,8.7223,1.66322,8.7223,1.66322,0.1907,5,8.7223,1.0,True
sf_scaling,Q9,1.0,32,32,(none),"opt_precompute=on,opt_encode_nation=on,opt_encode_color=on,opt_presort=on,opt_cumsum=on",1.08584,0.0852,0.01379,0.00169,1.10091,0.08621,0.0783,5,3.09738,2.8135,True
sf_scaling,Q9,1.0,32,32,CG,"opt_precompute=on,opt_encode_nation=on,opt_encode_color=on,opt_presort=on,opt_cumsum=on",0.0,0.0,3.09738,0.09728,3.09738,0.09728,0.0314,5,3.09738,1.0,True
sf_scaling,Q9,2.0,32,32,(none),"opt_precompute=on,opt_encode_nation=on,opt_encode_color=on,opt_presort=on,opt_cumsum=on",1.89542,0.02605,0.01615,0.00794,1.91157,0.03019,0.0158,5,3.24989,1.7001,True
sf_scaling,Q9,2.0,32,32,CG,"opt_precompute=on,opt_encode_nation=on,opt_encode_color=on,opt_presort=on,opt_cumsum=on",0.0,0.0,3.24989,0.11434,3.24989,0.11434,0.0352,5,3.24989,1.0,True
sf_scaling,Q9,4.0,32,32,(none),"opt_precompute=on,opt_encode_nation=on,opt_encode_color=on,opt_presort=on,opt_cumsum=on",3.7348,0.16235,0.01451,0.00066,3.74924,0.16264,0.0434,5,5.38948,1.4375,True
sf_scaling,Q9,4.0,32,32,CG,"opt_precompute=on,opt_encode_nation=on,opt_encode_color=on,opt_presort=on,opt_cumsum=on",0.0,0.0,5.38948,0.10272,5.38948,0.10272,0.0191,5,5.38948,1.0,True
sf_scaling,Q9,8.0,32,32,(none),"opt_precompute=on,opt_encode_nation=on,opt_encode_color=on,opt_presort=on,opt_cumsum=on",7.78331,0.26816,0.01866,0.00932,7.80197,0.26286,0.0337,5,12.08024,1.5484,True
sf_scaling,Q9,8.0,32,32,CG,"opt_precompute=on,opt_encode_nation=on,opt_encode_color=on,opt_presort=on,opt_cumsum=on",0.0,0.0,12.08024,0.2649,12.08024,0.2649,0.0219,5,12.08024,1.0,True
sf_scaling,Q9,16.0,32,32,(none),"opt_precompute=on,opt_encode_nation=on,opt_encode_color=on,opt_presort=on,opt_cumsum=on",16.25936,0.50379,0.02113,0.00445,16.27505,0.50193,0.0308,5,24.65023,1.5146,True
sf_scaling,Q9,16.0,32,32,CG,"opt_precompute=on,opt_encode_nation=on,opt_encode_color=on,opt_presort=on,opt_cumsum=on",0.0,0.0,24.65023,0.40679,24.65023,0.40679,0.0165,5,24.65023,1.0,True
sf_scaling,Q10,1.0,32,48,RA,"opt_precompute=on,opt_presort=on,opt_encode_return=on",0.79754,0.1014,0.71126,0.07209,1.61349,0.11377,0.0705,5,2.98838,1.8521,True
sf_scaling,Q10,1.0,32,48,RDAG,"opt_precompute=on,opt_presort=on,opt_encode_return=on",0.0,0.0,2.98838,0.09185,2.98838,0.09185,0.0307,5,2.98838,1.0,True
sf_scaling,Q10,2.0,32,48,RA,"opt_precompute=on,opt_presort=on,opt_encode_return=on",1.57871,0.11746,1.66801,0.08451,3.26282,0.05875,0.018,5,4.17877,1.2807,True
sf_scaling,Q10,2.0,32,48,RDAG,"opt_precompute=on,opt_presort=on,opt_encode_return=on",0.0,0.0,4.17877,0.07495,4.17877,0.07495,0.0179,5,4.17877,1.0,True
sf_scaling,Q10,4.0,32,48,RA,"opt_precompute=on,opt_presort=on,opt_encode_return=on",3.2213,0.2937,3.41014,0.27537,6.67548,0.25729,0.0385,5,6.82903,1.023,True
sf_scaling,Q10,4.0,32,48,RDAG,"opt_precompute=on,opt_presort=on,opt_encode_return=on",0.0,0.0,6.82903,0.10407,6.82903,0.10407,0.0152,5,6.82903,1.0,True
sf_scaling,Q10,8.0,32,48,RA,"opt_precompute=on,opt_presort=on,opt_encode_return=on",6.34969,0.43026,6.27649,0.47263,12.82446,0.41973,0.0327,5,11.11046,0.8663,True
sf_scaling,Q10,8.0,32,48,RDAG,"opt_precompute=on,opt_presort=on,opt_encode_return=on",0.0,0.0,11.11046,0.14953,11.11046,0.14953,0.0135,5,11.11046,1.0,True
sf_scaling,Q10,16.0,32,48,RA,"opt_precompute=on,opt_presort=on,opt_encode_return=on",13.61714,0.54664,15.16395,0.81475,28.91549,1.01028,0.0349,5,18.65837,0.6453,True
sf_scaling,Q10,16.0,32,48,RDAG,"opt_precompute=on,opt_presort=on,opt_encode_return=on",0.0,0.0,18.65837,0.15596,18.65837,0.15596,0.0084,5,18.65837,1.0,True
sf_scaling,Q11,1.0,32,32,(none),"opt_precompute=on,opt_encode_nation=on,opt_presort=on,opt_cumsum=on",0.08779,0.01019,0.01698,0.00151,0.10422,0.00891,0.0855,5,0.48674,4.6702,True
sf_scaling,Q11,1.0,32,32,NGF,"opt_precompute=on,opt_encode_nation=on,opt_presort=on,opt_cumsum=on",0.0,0.0,0.48674,0.03389,0.48674,0.03389,0.0696,5,0.48674,1.0,True
sf_scaling,Q11,2.0,32,32,(none),"opt_precompute=on,opt_encode_nation=on,opt_presort=on,opt_cumsum=on",0.11867,0.01655,0.02424,0.00349,0.14695,0.01394,0.0948,5,0.57674,3.9246,True
sf_scaling,Q11,2.0,32,32,NGF,"opt_precompute=on,opt_encode_nation=on,opt_presort=on,opt_cumsum=on",0.0,0.0,0.57674,0.01164,0.57674,0.01164,0.0202,5,0.57674,1.0,True
sf_scaling,Q11,4.0,32,32,(none),"opt_precompute=on,opt_encode_nation=on,opt_presort=on,opt_cumsum=on",0.32319,0.00663,0.02396,0.00041,0.34787,0.00654,0.0188,5,0.65748,1.89,True
sf_scaling,Q11,4.0,32,32,NGF,"opt_precompute=on,opt_encode_nation=on,opt_presort=on,opt_cumsum=on",0.0,0.0,0.65748,0.00592,0.65748,0.00592,0.009,5,0.65748,1.0,True
sf_scaling,Q11,8.0,32,32,(none),"opt_precompute=on,opt_encode_nation=on,opt_presort=on,opt_cumsum=on",0.83839,0.03607,0.02305,0.00164,0.85784,0.03546,0.0413,5,0.89753,1.0463,True
sf_scaling,Q11,8.0,32,32,NGF,"opt_precompute=on,opt_encode_nation=on,opt_presort=on,opt_cumsum=on",0.0,0.0,0.89753,0.02588,0.89753,0.02588,0.0288,5,0.89753,1.0,True
sf_scaling,Q11,16.0,32,32,(none),"opt_precompute=on,opt_encode_nation=on,opt_presort=on,opt_cumsum=on",1.73232,0.05388,0.01712,0.00058,1.74991,0.05386,0.0308,5,1.33807,0.7647,True
sf_scaling,Q11,16.0,32,32,NGF,"opt_precompute=on,opt_encode_nation=on,opt_presort=on,opt_cumsum=on",0.0,0.0,1.33807,0.1517,1.33807,0.1517,0.1134,5,1.33807,1.0,True
sf_scaling,Q14,1.0,32,32,(none),"opt_presort=on,opt_promo_split=on",0.71401,0.05853,0.00478,0.00022,0.71879,0.0587,0.0817,5,0.7617,1.0597,True
sf_scaling,Q14,1.0,32,32,SPA,"opt_presort=on,opt_promo_split=on",0.0,0.0,0.7617,0.02509,0.7617,0.02509,0.0329,5,0.7617,1.0,True
sf_scaling,Q14,2.0,32,32,(none),"opt_presort=on,opt_promo_split=on",1.46697,0.10761,0.00883,0.00035,1.47565,0.10784,0.0731,5,1.17984,0.7995,True
sf_scaling,Q14,2.0,32,32,SPA,"opt_presort=on,opt_promo_split=on",0.0,0.0,1.17984,0.03829,1.17984,0.03829,0.0325,5,1.17984,1.0,True
sf_scaling,Q14,4.0,32,32,(none),"opt_presort=on,opt_promo_split=on",2.91882,0.17682,0.01608,0.00138,2.93449,0.17805,0.0607,5,2.1898,0.7462,True
sf_scaling,Q14,4.0,32,32,SPA,"opt_presort=on,opt_promo_split=on",0.0,0.0,2.1898,0.09744,2.1898,0.09744,0.0445,5,2.1898,1.0,True
sf_scaling,Q14,8.0,32,32,(none),"opt_presort=on,opt_promo_split=on",5.73923,0.54565,0.02837,0.00333,5.76643,0.54499,0.0945,5,2.19893,0.3813,True
sf_scaling,Q14,8.0,32,32,SPA,"opt_presort=on,opt_promo_split=on",0.0,0.0,2.19893,0.05909,2.19893,0.05909,0.0269,5,2.19893,1.0,True
sf_scaling,Q14,16.0,32,32,(none),"opt_presort=on,opt_promo_split=on",11.59732,0.74457,0.05407,0.00124,11.65138,0.74524,0.064,5,3.76089,0.3228,True
sf_scaling,Q14,16.0,32,32,SPA,"opt_presort=on,opt_promo_split=on",0.0,0.0,3.76089,1.1236,3.76089,1.1236,0.2988,5,3.76089,1.0,True
sf_scaling,Q18,1.0,32,32,(none),"opt_precompute_sums=on,opt_presort_orders=on",4.23588,0.22768,2.72617,0.05891,6.87689,0.2677,0.0389,5,1.80682,0.2627,True
sf_scaling,Q18,1.0,32,32,TJG,"opt_precompute_sums=on,opt_presort_orders=on",0.0,0.0,1.80682,0.0261,1.80682,0.0261,0.0144,5,1.80682,1.0,True
sf_scaling,Q18,2.0,32,32,(none),"opt_precompute_sums=on,opt_presort_orders=on",8.7121,0.09205,7.19463,0.26171,15.78645,0.31351,0.0199,5,3.20491,0.203,True
sf_scaling,Q18,2.0,32,32,TJG,"opt_precompute_sums=on,opt_presort_orders=on",0.0,0.0,3.20491,0.06557,3.20491,0.06557,0.0205,5,3.20491,1.0,True
sf_scaling,Q18,4.0,32,32,(none),"opt_precompute_sums=on,opt_presort_orders=on",18.01393,0.63305,16.00804,0.22661,34.07921,0.79798,0.0234,5,6.13724,0.1801,True
sf_scaling,Q18,4.0,32,32,TJG,"opt_precompute_sums=on,opt_presort_orders=on",0.0,0.0,6.13724,0.07355,6.13724,0.07355,0.012,5,6.13724,1.0,True
sf_scaling,Q18,8.0,32,32,(none),"opt_precompute_sums=on,opt_presort_orders=on",37.30566,1.95721,38.05071,0.47247,76.19251,2.0671,0.0271,5,9.97495,0.1309,True
sf_scaling,Q18,8.0,32,32,TJG,"opt_precompute_sums=on,opt_presort_orders=on",0.0,0.0,9.97495,0.08606,9.97495,0.08606,0.0086,5,9.97495,1.0,True
sf_scaling,Q18,16.0,32,32,(none),"opt_precompute_sums=on,opt_presort_orders=on",76.98743,0.91803,90.82998,1.43338,167.9001,2.27685,0.0136,5,18.30253,0.109,True
sf_scaling,Q18,16.0,32,32,TJG,"opt_precompute_sums=on,opt_presort_orders=on",0.0,0.0,18.30253,0.2459,18.30253,0.2459,0.0134,5,18.30253,1.0,True
sf_scaling,Q1,1.0,8,8,GD,"opt_precompute=on,opt_encode_group=on,opt_presort=on",0.05357,0.00449,0.00073,0.00024,0.05423,0.00434,0.08,5,0.19841,3.6584,True
sf_scaling,Q1,1.0,8,8,SGDA,"opt_precompute=on,opt_encode_group=on,opt_presort=on",0.0,0.0,0.19841,0.0203,0.19841,0.0203,0.1023,5,0.19841,1.0,True
sf_scaling,Q1,2.0,8,8,GD,"opt_precompute=on,opt_encode_group=on,opt_presort=on",0.08781,0.00298,0.00069,0.00022,0.0885,0.00297,0.0335,5,0.30408,3.436,True
sf_scaling,Q1,2.0,8,8,SGDA,"opt_precompute=on,opt_encode_group=on,opt_presort=on",0.0,0.0,0.30408,0.04143,0.30408,0.04143,0.1363,5,0.30408,1.0,True
sf_scaling,Q1,4.0,8,8,GD,"opt_precompute=on,opt_encode_group=on,opt_presort=on",0.15163,0.00283,0.00068,8e-05,0.15249,0.00283,0.0185,5,0.55838,3.6617,True
sf_scaling,Q1,4.0,8,8,SGDA,"opt_precompute=on,opt_encode_group=on,opt_presort=on",0.0,0.0,0.55838,0.02516,0.55838,0.02516,0.0451,5,0.55838,1.0,True
sf_scaling,Q1,8.0,8,8,GD,"opt_precompute=on,opt_encode_group=on,opt_presort=on",0.27444,0.01057,0.00074,2e-05,0.27519,0.01057,0.0384,5,1.13178,4.1127,True
sf_scaling,Q1,8.0,8,8,SGDA,"opt_precompute=on,opt_encode_group=on,opt_presort=on",0.0,0.0,1.13178,0.07283,1.13178,0.07283,0.0643,5,1.13178,1.0,True
sf_scaling,Q1,16.0,8,8,GD,"opt_precompute=on,opt_encode_group=on,opt_presort=on",0.53115,0.0163,0.0007,0.0002,0.53185,0.01633,0.0307,5,2.28004,4.287,True
sf_scaling,Q1,16.0,8,8,SGDA,"opt_precompute=on,opt_encode_group=on,opt_presort=on",0.0,0.0,2.28004,0.1102,2.28004,0.1102,0.0483,5,2.28004,1.0,True
sf_scaling,Q3,1.0,8,40,(none),"opt_precompute=on,opt_encode_seg=on,opt_presort=on",0.99747,0.02271,0.36848,0.0036,1.36077,0.02332,0.0171,5,1.20355,0.8845,True
sf_scaling,Q3,1.0,8,40,CDG,"opt_precompute=on,opt_encode_seg=on,opt_presort=on",0.0,0.0,1.20355,0.04445,1.20355,0.04445,0.0369,5,1.20355,1.0,True
sf_scaling,Q3,2.0,8,40,(none),"opt_precompute=on,opt_encode_seg=on,opt_presort=on",1.92477,0.08258,0.75479,0.08251,2.81292,0.08629,0.0307,5,2.07823,0.7388,True
sf_scaling,Q3,2.0,8,40,CDG,"opt_precompute=on,opt_encode_seg=on,opt_presort=on",0.0,0.0,2.07823,0.03186,2.07823,0.03186,0.0153,5,2.07823,1.0,True
sf_scaling,Q3,4.0,8,40,(none),"opt_precompute=on,opt_encode_seg=on,opt_presort=on",3.79353,0.08323,1.68168,0.11276,5.4752,0.18914,0.0345,5,4.25436,0.777,True
sf_scaling,Q3,4.0,8,40,CDG,"opt_precompute=on,opt_encode_seg=on,opt_presort=on",0.0,0.0,4.25436,0.16351,4.25436,0.16351,0.0384,5,4.25436,1.0,True
sf_scaling,Q3,8.0,8,40,(none),"opt_precompute=on,opt_encode_seg=on,opt_presort=on",7.54105,0.0283,3.25667,0.23854,10.79771,0.23519,0.0218,5,4.68723,0.4341,True
sf_scaling,Q3,8.0,8,40,CDG,"opt_precompute=on,opt_encode_seg=on,opt_presort=on",0.0,0.0,4.68723,0.08496,4.68723,0.08496,0.0181,5,4.68723,1.0,True
sf_scaling,Q3,16.0,8,40,(none),"opt_precompute=on,opt_encode_seg=on,opt_presort=on",15.00214,0.28352,7.57404,0.27774,22.69468,0.26905,0.0119,5,13.84886,0.6102,True
sf_scaling,Q3,16.0,8,40,CDG,"opt_precompute=on,opt_encode_seg=on,opt_presort=on",0.0,0.0,13.84886,3.41952,13.84886,3.41952,0.2469,5,13.84886,1.0,True
sf_scaling,Q4,1.0,8,32,E,"opt_presort_orders=on,opt_encode_priority=on",0.18682,0.00939,0.0375,0.0012,0.22667,0.00934,0.0412,5,0.92379,4.0754,True
sf_scaling,Q4,1.0,8,32,EJDG,"opt_presort_orders=on,opt_encode_priority=on",0.0,0.0,0.92379,0.02644,0.92379,0.02644,0.0286,5,0.92379,1.0,True
sf_scaling,Q4,2.0,8,32,E,"opt_presort_orders=on,opt_encode_priority=on",0.40672,0.01395,0.07593,0.0025,0.48382,0.01342,0.0277,5,1.45214,3.0014,True
sf_scaling,Q4,2.0,8,32,EJDG,"opt_presort_orders=on,opt_encode_priority=on",0.0,0.0,1.45214,0.03189,1.45214,0.03189,0.022,5,1.45214,1.0,True
sf_scaling,Q4,4.0,8,32,E,"opt_presort_orders=on,opt_encode_priority=on",0.81483,0.02301,0.14622,0.00119,0.95953,0.02305,0.024,5,2.48831,2.5933,True
sf_scaling,Q4,4.0,8,32,EJDG,"opt_presort_orders=on,opt_encode_priority=on",0.0,0.0,2.48831,0.09445,2.48831,0.09445,0.038,5,2.48831,1.0,True
sf_scaling,Q4,8.0,8,32,E,"opt_presort_orders=on,opt_encode_priority=on",2.43754,0.03094,0.29111,0.00279,2.73369,0.03149,0.0115,5,5.07418,1.8562,True
sf_scaling,Q4,8.0,8,32,EJDG,"opt_presort_orders=on,opt_encode_priority=on",0.0,0.0,5.07418,0.06926,5.07418,0.06926,0.0137,5,5.07418,1.0,True
sf_scaling,Q4,16.0,8,32,E,"opt_presort_orders=on,opt_encode_priority=on",4.73208,0.06034,0.59497,0.00192,5.3264,0.06162,0.0116,5,7.59068,1.4251,True
sf_scaling,Q4,16.0,8,32,EJDG,"opt_presort_orders=on,opt_encode_priority=on",0.0,0.0,7.59068,0.22613,7.59068,0.22613,0.0298,5,7.59068,1.0,True
sf_scaling,Q6,1.0,8,8,SQ,"opt_presort=on,opt_precompute=on,opt_qty_premask=on",0.07653,0.00816,0.00082,4e-05,0.07735,0.00819,0.1059,5,0.07425,0.9599,True
sf_scaling,Q6,1.0,8,8,SDQA,"opt_presort=on,opt_precompute=on,opt_qty_premask=on",0.0,0.0,0.07425,0.03961,0.07425,0.03961,0.5335,5,0.07425,1.0,True
sf_scaling,Q6,2.0,8,8,SQ,"opt_presort=on,opt_precompute=on,opt_qty_premask=on",0.14449,0.0195,0.00134,0.00085,0.14576,0.01915,0.1314,5,0.12169,0.8349,True
sf_scaling,Q6,2.0,8,8,SDQA,"opt_presort=on,opt_precompute=on,opt_qty_premask=on",0.0,0.0,0.12169,0.04165,0.12169,0.04165,0.3423,5,0.12169,1.0,True
sf_scaling,Q6,4.0,8,8,SQ,"opt_presort=on,opt_precompute=on,opt_qty_premask=on",0.32764,0.01013,0.00223,0.00032,0.33058,0.0101,0.0306,5,0.24532,0.7421,True
sf_scaling,Q6,4.0,8,8,SDQA,"opt_presort=on,opt_precompute=on,opt_qty_premask=on",0.0,0.0,0.24532,0.09416,0.24532,0.09416,0.3838,5,0.24532,1.0,True
sf_scaling,Q6,8.0,8,8,SQ,"opt_presort=on,opt_precompute=on,opt_qty_premask=on",0.75118,0.1479,0.00499,0.00071,0.75617,0.148,0.1957,5,0.4109,0.5434,True
sf_scaling,Q6,8.0,8,8,SDQA,"opt_presort=on,opt_precompute=on,opt_qty_premask=on",0.0,0.0,0.4109,0.03212,0.4109,0.03212,0.0782,5,0.4109,1.0,True
sf_scaling,Q6,16.0,8,8,SQ,"opt_presort=on,opt_precompute=on,opt_qty_premask=on",1.20722,0.04415,0.00956,0.00018,1.21685,0.04398,0.0361,5,0.79572,0.6539,True
sf_scaling,Q6,16.0,8,8,SDQA,"opt_presort=on,opt_precompute=on,opt_qty_premask=on",0.0,0.0,0.79572,0.0497,0.79572,0.0497,0.0625,5,0.79572,1.0,True
sf_scaling,Q7,1.0,8,8,(none),"opt_presort=on,opt_cumsum=on",0.74042,0.03956,0.00053,4e-05,0.74094,0.0396,0.0534,5,0.27279,0.3682,True
sf_scaling,Q7,1.0,8,8,NYG,"opt_presort=on,opt_cumsum=on",0.0,0.0,0.27279,0.01132,0.27279,0.01132,0.0415,5,0.27279,1.0,True
sf_scaling,Q7,2.0,8,8,(none),"opt_presort=on,opt_cumsum=on",1.50564,0.02886,0.00065,0.00015,1.50634,0.02886,0.0192,5,0.47615,0.3161,True
sf_scaling,Q7,2.0,8,8,NYG,"opt_presort=on,opt_cumsum=on",0.0,0.0,0.47615,0.02246,0.47615,0.02246,0.0472,5,0.47615,1.0,True
sf_scaling,Q7,4.0,8,8,(none),"opt_presort=on,opt_cumsum=on",3.13485,0.07533,0.00083,0.00015,3.13566,0.07526,0.024,5,0.92249,0.2942,True
sf_scaling,Q7,4.0,8,8,NYG,"opt_presort=on,opt_cumsum=on",0.0,0.0,0.92249,0.03918,0.92249,0.03918,0.0425,5,0.92249,1.0,True
sf_scaling,Q7,8.0,8,8,(none),"opt_presort=on,opt_cumsum=on",6.28783,0.2097,0.00119,0.00019,6.28902,0.20968,0.0333,5,0.88351,0.1405,True
sf_scaling,Q7,8.0,8,8,NYG,"opt_presort=on,opt_cumsum=on",0.0,0.0,0.88351,0.01825,0.88351,0.01825,0.0207,5,0.88351,1.0,True
sf_scaling,Q7,16.0,8,8,(none),"opt_presort=on,opt_cumsum=on",12.40277,0.27861,0.00199,0.00069,12.40496,0.27827,0.0224,5,1.44843,0.1168,True
sf_scaling,Q7,16.0,8,8,NYG,"opt_presort=on,opt_cumsum=on",0.0,0.0,1.44843,0.13583,1.44843,0.13583,0.0938,5,1.44843,1.0,True
sf_scaling,Q9,1.0,8,8,(none),"opt_precompute=on,opt_encode_nation=on,opt_encode_color=on,opt_presort=on,opt_cumsum=on",1.05278,0.02926,0.00437,0.00041,1.05705,0.02899,0.0274,5,0.76355,0.7223,True
sf_scaling,Q9,1.0,8,8,CG,"opt_precompute=on,opt_encode_nation=on,opt_encode_color=on,opt_presort=on,opt_cumsum=on",0.0,0.0,0.76355,0.03142,0.76355,0.03142,0.0412,5,0.76355,1.0,True
sf_scaling,Q9,2.0,8,8,(none),"opt_precompute=on,opt_encode_nation=on,opt_encode_color=on,opt_presort=on,opt_cumsum=on",1.94836,0.05508,0.00406,0.00061,1.95183,0.05496,0.0282,5,0.83717,0.4289,True
sf_scaling,Q9,2.0,8,8,CG,"opt_precompute=on,opt_encode_nation=on,opt_encode_color=on,opt_presort=on,opt_cumsum=on",0.0,0.0,0.83717,0.03288,0.83717,0.03288,0.0393,5,0.83717,1.0,True
sf_scaling,Q9,4.0,8,8,(none),"opt_precompute=on,opt_encode_nation=on,opt_encode_color=on,opt_presort=on,opt_cumsum=on",4.08285,0.13967,0.00421,0.00037,4.08701,0.13941,0.0341,5,1.3491,0.3301,True
sf_scaling,Q9,4.0,8,8,CG,"opt_precompute=on,opt_encode_nation=on,opt_encode_color=on,opt_presort=on,opt_cumsum=on",0.0,0.0,1.3491,0.08747,1.3491,0.08747,0.0648,5,1.3491,1.0,True
sf_scaling,Q9,8.0,8,8,(none),"opt_precompute=on,opt_encode_nation=on,opt_encode_color=on,opt_presort=on,opt_cumsum=on",8.04107,0.30122,0.0046,0.00105,8.04517,0.30153,0.0375,5,3.10019,0.3853,True
sf_scaling,Q9,8.0,8,8,CG,"opt_precompute=on,opt_encode_nation=on,opt_encode_color=on,opt_presort=on,opt_cumsum=on",0.0,0.0,3.10019,0.04983,3.10019,0.04983,0.0161,5,3.10019,1.0,True
sf_scaling,Q9,16.0,8,8,(none),"opt_precompute=on,opt_encode_nation=on,opt_encode_color=on,opt_presort=on,opt_cumsum=on",15.99015,0.20614,0.00542,0.00065,15.99595,0.20564,0.0129,5,6.42697,0.4018,True
sf_scaling,Q9,16.0,8,8,CG,"opt_precompute=on,opt_encode_nation=on,opt_encode_color=on,opt_presort=on,opt_cumsum=on",0.0,0.0,6.42697,0.23193,6.42697,0.23193,0.0361,5,6.42697,1.0,True
sf_scaling,Q10,1.0,8,24,RA,"opt_precompute=on,opt_presort=on,opt_encode_return=on",0.87692,0.07116,0.34318,0.01402,1.22538,0.0835,0.0681,5,1.46385,1.1946,True
sf_scaling,Q10,1.0,8,24,RDAG,"opt_precompute=on,opt_presort=on,opt_encode_return=on",0.0,0.0,1.46385,0.05282,1.46385,0.05282,0.0361,5,1.46385,1.0,True
sf_scaling,Q10,2.0,8,24,RA,"opt_precompute=on,opt_presort=on,opt_encode_return=on",1.60107,0.16818,0.80045,0.05224,2.37633,0.15402,0.0648,5,2.16324,0.9103,True
sf_scaling,Q10,2.0,8,24,RDAG,"opt_precompute=on,opt_presort=on,opt_encode_return=on",0.0,0.0,2.16324,0.12453,2.16324,0.12453,0.0576,5,2.16324,1.0,True
sf_scaling,Q10,4.0,8,24,RA,"opt_precompute=on,opt_presort=on,opt_encode_return=on",3.31948,0.2142,1.45453,0.02292,4.77269,0.22817,0.0478,5,3.32863,0.6974,True
sf_scaling,Q10,4.0,8,24,RDAG,"opt_precompute=on,opt_presort=on,opt_encode_return=on",0.0,0.0,3.32863,0.16915,3.32863,0.16915,0.0508,5,3.32863,1.0,True
sf_scaling,Q10,8.0,8,24,RA,"opt_precompute=on,opt_presort=on,opt_encode_return=on",6.6633,0.30341,2.89383,0.20478,9.58929,0.23943,0.025,5,5.61852,0.5859,True
sf_scaling,Q10,8.0,8,24,RDAG,"opt_precompute=on,opt_presort=on,opt_encode_return=on",0.0,0.0,5.61852,0.13671,5.61852,0.13671,0.0243,5,5.61852,1.0,True
sf_scaling,Q10,16.0,8,24,RA,"opt_precompute=on,opt_presort=on,opt_encode_return=on",13.99388,0.21799,6.57042,0.50939,20.73341,0.5039,0.0243,5,9.40486,0.4536,True
sf_scaling,Q10,16.0,8,24,RDAG,"opt_precompute=on,opt_presort=on,opt_encode_return=on",0.0,0.0,9.40486,0.16129,9.40486,0.16129,0.0171,5,9.40486,1.0,True
sf_scaling,Q11,1.0,8,8,(none),"opt_precompute=on,opt_encode_nation=on,opt_presort=on,opt_cumsum=on",0.07473,0.00312,0.00981,0.00048,0.08453,0.00319,0.0377,5,0.17839,2.1102,True
sf_scaling,Q11,1.0,8,8,NGF,"opt_precompute=on,opt_encode_nation=on,opt_presort=on,opt_cumsum=on",0.0,0.0,0.17839,0.00482,0.17839,0.00482,0.027,5,0.17839,1.0,True
sf_scaling,Q11,2.0,8,8,(none),"opt_precompute=on,opt_encode_nation=on,opt_presort=on,opt_cumsum=on",0.10582,0.00811,0.01685,0.00115,0.12478,0.00815,0.0654,5,0.23808,1.908,True
sf_scaling,Q11,2.0,8,8,NGF,"opt_precompute=on,opt_encode_nation=on,opt_presort=on,opt_cumsum=on",0.0,0.0,0.23808,0.00385,0.23808,0.00385,0.0162,5,0.23808,1.0,True
sf_scaling,Q11,4.0,8,8,(none),"opt_precompute=on,opt_encode_nation=on,opt_presort=on,opt_cumsum=on",0.31898,0.01771,0.02059,0.00117,0.33958,0.01681,0.0495,5,0.28916,0.8515,True
sf_scaling,Q11,4.0,8,8,NGF,"opt_precompute=on,opt_encode_nation=on,opt_presort=on,opt_cumsum=on",0.0,0.0,0.28916,0.00527,0.28916,0.00527,0.0182,5,0.28916,1.0,True
sf_scaling,Q11,8.0,8,8,(none),"opt_precompute=on,opt_encode_nation=on,opt_presort=on,opt_cumsum=on",0.77852,0.03836,0.01213,0.00033,0.79073,0.03866,0.0489,5,0.28068,0.355,True
sf_scaling,Q11,8.0,8,8,NGF,"opt_precompute=on,opt_encode_nation=on,opt_presort=on,opt_cumsum=on",0.0,0.0,0.28068,0.02569,0.28068,0.02569,0.0915,5,0.28068,1.0,True
sf_scaling,Q11,16.0,8,8,(none),"opt_precompute=on,opt_encode_nation=on,opt_presort=on,opt_cumsum=on",1.70035,0.04384,0.00475,0.00018,1.70545,0.04388,0.0257,5,0.26507,0.1554,True
sf_scaling,Q11,16.0,8,8,NGF,"opt_precompute=on,opt_encode_nation=on,opt_presort=on,opt_cumsum=on",0.0,0.0,0.26507,0.02397,0.26507,0.02397,0.0904,5,0.26507,1.0,True
sf_scaling,Q14,1.0,8,8,(none),"opt_presort=on,opt_promo_split=on",0.67563,0.02317,0.00157,0.00018,0.67714,0.02309,0.0341,5,0.19903,0.2939,True
sf_scaling,Q14,1.0,8,8,SPA,"opt_presort=on,opt_promo_split=on",0.0,0.0,0.19903,0.0141,0.19903,0.0141,0.0708,5,0.19903,1.0,True
sf_scaling,Q14,2.0,8,8,(none),"opt_presort=on,opt_promo_split=on",1.37355,0.07464,0.00232,9e-05,1.37595,0.07462,0.0542,5,0.30194,0.2194,True
sf_scaling,Q14,2.0,8,8,SPA,"opt_presort=on,opt_promo_split=on",0.0,0.0,0.30194,0.00868,0.30194,0.00868,0.0287,5,0.30194,1.0,True
sf_scaling,Q14,4.0,8,8,(none),"opt_presort=on,opt_promo_split=on",2.94721,0.10667,0.00393,0.00015,2.95142,0.10676,0.0362,5,0.52542,0.178,True
sf_scaling,Q14,4.0,8,8,SPA,"opt_presort=on,opt_promo_split=on",0.0,0.0,0.52542,0.02809,0.52542,0.02809,0.0535,5,0.52542,1.0,True
sf_scaling,Q14,8.0,8,8,(none),"opt_presort=on,opt_promo_split=on",6.1424,0.29088,0.00711,8e-05,6.14961,0.29088,0.0473,5,0.56528,0.0919,True
sf_scaling,Q14,8.0,8,8,SPA,"opt_presort=on,opt_promo_split=on",0.0,0.0,0.56528,0.03046,0.56528,0.03046,0.0539,5,0.56528,1.0,True
sf_scaling,Q14,16.0,8,8,(none),"opt_presort=on,opt_promo_split=on",11.27754,0.93591,0.01325,0.00022,11.29079,0.93595,0.0829,5,0.96583,0.0855,True
sf_scaling,Q14,16.0,8,8,SPA,"opt_presort=on,opt_promo_split=on",0.0,0.0,0.96583,0.05073,0.96583,0.05073,0.0525,5,0.96583,1.0,True
sf_scaling,Q18,1.0,8,8,(none),"opt_precompute_sums=on,opt_presort_orders=on",4.0437,0.08925,0.68929,0.01245,4.75268,0.09355,0.0197,5,0.48976,0.103,True
sf_scaling,Q18,1.0,8,8,TJG,"opt_precompute_sums=on,opt_presort_orders=on",0.0,0.0,0.48976,0.01259,0.48976,0.01259,0.0257,5,0.48976,1.0,True
sf_scaling,Q18,2.0,8,8,(none),"opt_precompute_sums=on,opt_presort_orders=on",8.1028,0.22625,1.60537,0.01252,9.72717,0.2255,0.0232,5,0.85047,0.0874,True
sf_scaling,Q18,2.0,8,8,TJG,"opt_precompute_sums=on,opt_presort_orders=on",0.0,0.0,0.85047,0.01024,0.85047,0.01024,0.012,5,0.85047,1.0,True
sf_scaling,Q18,4.0,8,8,(none),"opt_precompute_sums=on,opt_presort_orders=on",17.91126,0.67818,3.98445,0.0447,21.8957,0.6836,0.0312,5,1.63929,0.0749,True
sf_scaling,Q18,4.0,8,8,TJG,"opt_precompute_sums=on,opt_presort_orders=on",0.0,0.0,1.63929,0.02982,1.63929,0.02982,0.0182,5,1.63929,1.0,True
sf_scaling,Q18,8.0,8,8,(none),"opt_precompute_sums=on,opt_presort_orders=on",35.52856,0.38756,10.9733,0.08765,46.48504,0.41821,0.009,5,2.74137,0.059,True
sf_scaling,Q18,8.0,8,8,TJG,"opt_precompute_sums=on,opt_presort_orders=on",0.0,0.0,2.74137,0.05152,2.74137,0.05152,0.0188,5,2.74137,1.0,True
sf_scaling,Q18,16.0,8,8,(none),"opt_precompute_sums=on,opt_presort_orders=on",72.62209,0.75157,23.59723,0.13959,96.22937,0.63872,0.0066,5,5.11138,0.0531,True
sf_scaling,Q18,16.0,8,8,TJG,"opt_precompute_sums=on,opt_presort_orders=on",0.0,0.0,5.11138,0.2322,5.11138,0.2322,0.0454,5,5.11138,1.0,True
sf_scaling,Q1,1.0,61,61,GD,"opt_precompute=on,opt_encode_group=on,opt_presort=on",0.05385,0.00494,0.00431,3e-05,0.05812,0.00494,0.085,5,1.54124,26.5178,True
sf_scaling,Q1,1.0,61,61,SGDA,"opt_precompute=on,opt_encode_group=on,opt_presort=on",0.0,0.0,1.54124,0.07193,1.54124,0.07193,0.0467,5,1.54124,1.0,True
sf_scaling,Q1,2.0,61,61,GD,"opt_precompute=on,opt_encode_group=on,opt_presort=on",0.07993,0.00087,0.00426,0.00029,0.08417,0.00075,0.0089,5,2.24957,26.7279,True
sf_scaling,Q1,2.0,61,61,SGDA,"opt_precompute=on,opt_encode_group=on,opt_presort=on",0.0,0.0,2.24957,0.0752,2.24957,0.0752,0.0334,5,2.24957,1.0,True
sf_scaling,Q1,4.0,61,61,GD,"opt_precompute=on,opt_encode_group=on,opt_presort=on",0.13509,0.00065,0.00497,0.0003,0.14008,0.0009,0.0064,5,4.06967,29.0529,True
sf_scaling,Q1,4.0,61,61,SGDA,"opt_precompute=on,opt_encode_group=on,opt_presort=on",0.0,0.0,4.06967,0.13616,4.06967,0.13616,0.0335,5,4.06967,1.0,True
sf_scaling,Q1,8.0,61,61,GD,"opt_precompute=on,opt_encode_group=on,opt_presort=on",0.26354,0.01253,0.00426,0.00026,0.26781,0.01279,0.0478,5,8.39388,31.3429,True
sf_scaling,Q1,8.0,61,61,SGDA,"opt_precompute=on,opt_encode_group=on,opt_presort=on",0.0,0.0,8.39388,0.17953,8.39388,0.17953,0.0214,5,8.39388,1.0,True
sf_scaling,Q1,16.0,61,61,GD,"opt_precompute=on,opt_encode_group=on,opt_presort=on",0.49119,0.01209,0.00416,0.00073,0.49535,0.01274,0.0257,5,16.88846,34.0941,True
sf_scaling,Q1,16.0,61,61,SGDA,"opt_precompute=on,opt_encode_group=on,opt_presort=on",0.0,0.0,16.88846,0.55592,16.88846,0.55592,0.0329,5,16.88846,1.0,True
sf_scaling,Q3,1.0,31,155,(none),"opt_precompute=on,opt_encode_seg=on,opt_presort=on",0.97763,0.03007,1.3241,0.11063,2.30751,0.13379,0.058,5,4.38841,1.9018,True
sf_scaling,Q3,1.0,31,155,CDG,"opt_precompute=on,opt_encode_seg=on,opt_presort=on",0.0,0.0,4.38841,0.12323,4.38841,0.12323,0.0281,5,4.38841,1.0,True
sf_scaling,Q3,2.0,31,155,(none),"opt_precompute=on,opt_encode_seg=on,opt_presort=on",1.87271,0.01296,2.74165,0.15028,4.61435,0.15285,0.0331,5,7.33963,1.5906,True
sf_scaling,Q3,2.0,31,155,CDG,"opt_precompute=on,opt_encode_seg=on,opt_presort=on",0.0,0.0,7.33963,0.13955,7.33963,0.13955,0.019,5,7.33963,1.0,True
sf_scaling,Q3,4.0,31,155,(none),"opt_precompute=on,opt_encode_seg=on,opt_presort=on",3.72948,0.0314,5.60907,0.0143,9.33989,0.03923,0.0042,5,14.3705,1.5386,True
sf_scaling,Q3,4.0,31,155,CDG,"opt_precompute=on,opt_encode_seg=on,opt_presort=on",0.0,0.0,14.3705,0.36227,14.3705,0.36227,0.0252,5,14.3705,1.0,True
sf_scaling,Q3,8.0,31,155,(none),"opt_precompute=on,opt_encode_seg=on,opt_presort=on",7.33815,0.06764,11.77289,0.10462,19.08901,0.12465,0.0065,5,17.0477,0.8931,True
sf_scaling,Q3,8.0,31,155,CDG,"opt_precompute=on,opt_encode_seg=on,opt_presort=on",0.0,0.0,17.0477,0.51214,17.0477,0.51214,0.03,5,17.0477,1.0,True
sf_scaling,Q3,16.0,31,155,(none),"opt_precompute=on,opt_encode_seg=on,opt_presort=on",14.07684,0.20543,23.48018,0.83585,37.56569,0.78584,0.0209,5,97.35723,2.5917,True
sf_scaling,Q3,16.0,31,155,CDG,"opt_precompute=on,opt_encode_seg=on,opt_presort=on",0.0,0.0,97.35723,37.84706,97.35723,37.84706,0.3887,5,97.35723,1.0,True
sf_scaling,Q9,1.0,92,92,(none),"opt_precompute=on,opt_encode_nation=on,opt_encode_color=on,opt_presort=on,opt_cumsum=on",0.95777,0.01869,0.03907,0.00225,1.00178,0.01888,0.0188,5,8.72978,8.7143,True
sf_scaling,Q9,1.0,92,92,CG,"opt_precompute=on,opt_encode_nation=on,opt_encode_color=on,opt_presort=on,opt_cumsum=on",0.0,0.0,8.72978,0.32719,8.72978,0.32719,0.0375,5,8.72978,1.0,True
sf_scaling,Q9,2.0,92,92,(none),"opt_precompute=on,opt_encode_nation=on,opt_encode_color=on,opt_presort=on,opt_cumsum=on",1.70402,0.11446,0.04004,0.00507,1.74407,0.11494,0.0659,5,8.96164,5.1384,True
sf_scaling,Q9,2.0,92,92,CG,"opt_precompute=on,opt_encode_nation=on,opt_encode_color=on,opt_presort=on,opt_cumsum=on",0.0,0.0,8.96164,0.17232,8.96164,0.17232,0.0192,5,8.96164,1.0,True
sf_scaling,Q9,4.0,92,92,(none),"opt_precompute=on,opt_encode_nation=on,opt_encode_color=on,opt_presort=on,opt_cumsum=on",3.50567,0.28616,0.04059,0.03829,3.57433,0.27671,0.0774,5,14.62294,4.0911,True
sf_scaling,Q9,4.0,92,92,CG,"opt_precompute=on,opt_encode_nation=on,opt_encode_color=on,opt_presort=on,opt_cumsum=on",0.0,0.0,14.62294,0.23549,14.62294,0.23549,0.0161,5,14.62294,1.0,True
sf_scaling,Q9,8.0,92,92,(none),"opt_precompute=on,opt_encode_nation=on,opt_encode_color=on,opt_presort=on,opt_cumsum=on",7.4938,0.74981,0.04388,0.00517,7.54585,0.75209,0.0997,5,33.63988,4.4581,True
sf_scaling,Q9,8.0,92,92,CG,"opt_precompute=on,opt_encode_nation=on,opt_encode_color=on,opt_presort=on,opt_cumsum=on",0.0,0.0,33.63988,0.23334,33.63988,0.23334,0.0069,5,33.63988,1.0,True
sf_scaling,Q9,16.0,92,92,(none),"opt_precompute=on,opt_encode_nation=on,opt_encode_color=on,opt_presort=on,opt_cumsum=on",15.43375,0.69947,0.0467,0.00485,15.47286,0.70179,0.0454,5,66.99047,4.3295,True
sf_scaling,Q9,16.0,92,92,CG,"opt_precompute=on,opt_encode_nation=on,opt_encode_color=on,opt_presort=on,opt_cumsum=on",0.0,0.0,66.99047,0.6087,66.99047,0.6087,0.0091,5,66.99047,1.0,True
sf_scaling,Q18,1.0,201,201,(none),"opt_precompute_sums=on,opt_presort_orders=on",3.85736,0.03887,15.16735,0.13694,19.00841,0.16445,0.0087,5,10.72893,0.5644,True
sf_scaling,Q18,1.0,201,201,TJG,"opt_precompute_sums=on,opt_presort_orders=on",0.0,0.0,10.72893,0.10418,10.72893,0.10418,0.0097,5,10.72893,1.0,True
sf_scaling,Q18,2.0,201,201,(none),"opt_precompute_sums=on,opt_presort_orders=on",8.13495,0.27572,37.61403,1.31073,45.74898,1.35525,0.0296,5,18.6336,0.4073,True
sf_scaling,Q18,2.0,201,201,TJG,"opt_precompute_sums=on,opt_presort_orders=on",0.0,0.0,18.6336,0.27375,18.6336,0.27375,0.0147,5,18.6336,1.0,True
sf_scaling,Q18,4.0,201,201,(none),"opt_precompute_sums=on,opt_presort_orders=on",17.11895,0.41288,93.43722,0.10379,110.44597,0.49108,0.0044,5,35.10135,0.3178,True
sf_scaling,Q18,4.0,201,201,TJG,"opt_precompute_sums=on,opt_presort_orders=on",0.0,0.0,35.10135,0.29908,35.10135,0.29908,0.0085,5,35.10135,1.0,True
sf_scaling,Q18,8.0,201,201,(none),"opt_precompute_sums=on,opt_presort_orders=on",36.90891,1.74325,221.58032,1.65579,258.12709,3.12476,0.0121,5,56.81744,0.2201,True
sf_scaling,Q18,8.0,201,201,TJG,"opt_precompute_sums=on,opt_presort_orders=on",0.0,0.0,56.81744,0.59103,56.81744,0.59103,0.0104,5,56.81744,1.0,True
sf_scaling,Q18,16.0,201,201,(none),"opt_precompute_sums=on,opt_presort_orders=on",71.61328,1.8404,508.77366,1.60227,580.38694,3.41458,0.0059,5,103.56409,0.1784,True
sf_scaling,Q18,16.0,201,201,TJG,"opt_precompute_sums=on,opt_presort_orders=on",0.0,0.0,103.56409,0.89403,103.56409,0.89403,0.0086,5,103.56409,1.0,True
sf_scaling,Q7,1.0,8,8,(none),"opt_presort=on,opt_cumsum=on",0.73468,0.0165,0.00055,3e-05,0.73521,0.01651,0.0225,5,0.2387,0.3247,True
sf_scaling,Q7,1.0,8,8,NYG,"opt_presort=on,opt_cumsum=on",0.0,0.0,0.2387,0.03678,0.2387,0.03678,0.1541,5,0.2387,1.0,True
sf_scaling,Q7,2.0,8,8,(none),"opt_presort=on,opt_cumsum=on",1.49507,0.04305,0.00066,0.00013,1.496,0.04307,0.0288,5,0.46187,0.3087,True
sf_scaling,Q7,2.0,8,8,NYG,"opt_presort=on,opt_cumsum=on",0.0,0.0,0.46187,0.01624,0.46187,0.01624,0.0352,5,0.46187,1.0,True
sf_scaling,Q7,4.0,8,8,(none),"opt_presort=on,opt_cumsum=on",3.05317,0.07834,0.00086,0.00017,3.05398,0.07848,0.0257,5,0.84763,0.2775,True
sf_scaling,Q7,4.0,8,8,NYG,"opt_presort=on,opt_cumsum=on",0.0,0.0,0.84763,0.02795,0.84763,0.02795,0.033,5,0.84763,1.0,True
sf_scaling,Q7,8.0,8,8,(none),"opt_presort=on,opt_cumsum=on",6.29747,0.1226,0.00169,0.00041,6.29918,0.12226,0.0194,5,0.77649,0.1233,True
sf_scaling,Q7,8.0,8,8,NYG,"opt_presort=on,opt_cumsum=on",0.0,0.0,0.77649,0.03645,0.77649,0.03645,0.0469,5,0.77649,1.0,True
sf_scaling,Q7,16.0,8,8,(none),"opt_presort=on,opt_cumsum=on",12.36454,0.16643,0.0019,0.0003,12.36643,0.16648,0.0135,5,1.36068,0.11,True
sf_scaling,Q7,16.0,8,8,NYG,"opt_presort=on,opt_cumsum=on",0.0,0.0,1.36068,0.09773,1.36068,0.09773,0.0718,5,1.36068,1.0,True
sf_scaling,Q7,1.0,32,32,(none),"opt_presort=on,opt_cumsum=on",0.73992,0.01676,0.00193,4e-05,0.74186,0.01678,0.0226,5,1.04583,1.4097,True
sf_scaling,Q7,1.0,32,32,NYG,"opt_presort=on,opt_cumsum=on",0.0,0.0,1.04583,0.03446,1.04583,0.03446,0.0329,5,1.04583,1.0,True
sf_scaling,Q7,2.0,32,32,(none),"opt_presort=on,opt_cumsum=on",1.49403,0.03832,0.0023,0.00016,1.49639,0.03823,0.0255,5,1.87861,1.2554,True
sf_scaling,Q7,2.0,32,32,NYG,"opt_presort=on,opt_cumsum=on",0.0,0.0,1.87861,0.04897,1.87861,0.04897,0.0261,5,1.87861,1.0,True
sf_scaling,Q7,4.0,32,32,(none),"opt_presort=on,opt_cumsum=on",3.02556,0.04072,0.00295,9e-05,3.02868,0.04074,0.0135,5,3.40263,1.1235,True
sf_scaling,Q7,4.0,32,32,NYG,"opt_presort=on,opt_cumsum=on",0.0,0.0,3.40263,0.13996,3.40263,0.13996,0.0411,5,3.40263,1.0,True
sf_scaling,Q7,8.0,32,32,(none),"opt_presort=on,opt_cumsum=on",6.23078,0.12289,0.00432,0.00084,6.2354,0.12273,0.0197,5,3.07617,0.4933,True
sf_scaling,Q7,8.0,32,32,NYG,"opt_presort=on,opt_cumsum=on",0.0,0.0,3.07617,0.28605,3.07617,0.28605,0.093,5,3.07617,1.0,True
sf_scaling,Q7,16.0,32,32,(none),"opt_presort=on,opt_cumsum=on",12.67229,0.44489,0.00716,0.00014,12.67944,0.44489,0.0351,5,8.78017,0.6925,True
sf_scaling,Q7,16.0,32,32,NYG,"opt_presort=on,opt_cumsum=on",0.0,0.0,8.78017,1.49217,8.78017,1.49217,0.1699,5,8.78017,1.0,True
sf_scaling,Q7,1.0,128,128,(none),"opt_presort=on,opt_cumsum=on",0.71962,0.00756,0.00712,0.0004,0.72669,0.00792,0.0109,5,4.0827,5.6182,True
sf_scaling,Q7,1.0,128,128,NYG,"opt_presort=on,opt_cumsum=on",0.0,0.0,4.0827,0.09398,4.0827,0.09398,0.023,5,4.0827,1.0,True
sf_scaling,Q7,2.0,128,128,(none),"opt_presort=on,opt_cumsum=on",1.39245,0.07415,0.00842,0.00096,1.40087,0.07477,0.0534,5,7.22496,5.1575,True
sf_scaling,Q7,2.0,128,128,NYG,"opt_presort=on,opt_cumsum=on",0.0,0.0,7.22496,0.24067,7.22496,0.24067,0.0333,5,7.22496,1.0,True
sf_scaling,Q7,4.0,128,128,(none),"opt_presort=on,opt_cumsum=on",3.06983,0.0178,0.01128,0.0002,3.081,0.01771,0.0057,5,13.56837,4.4039,True
sf_scaling,Q7,4.0,128,128,NYG,"opt_presort=on,opt_cumsum=on",0.0,0.0,13.56837,0.29784,13.56837,0.29784,0.022,5,13.56837,1.0,True
sf_scaling,Q7,8.0,128,128,(none),"opt_presort=on,opt_cumsum=on",6.12117,0.09589,0.01686,0.00038,6.13768,0.09616,0.0157,5,10.86065,1.7695,True
sf_scaling,Q7,8.0,128,128,NYG,"opt_presort=on,opt_cumsum=on",0.0,0.0,10.86065,0.71634,10.86065,0.71634,0.066,5,10.86065,1.0,True
sf_scaling,Q7,16.0,128,128,(none),"opt_presort=on,opt_cumsum=on",12.5764,0.10211,0.0277,0.00012,12.60408,0.10203,0.0081,5,56.29645,4.4665,True
sf_scaling,Q7,16.0,128,128,NYG,"opt_presort=on,opt_cumsum=on",0.0,0.0,56.29645,19.04749,56.29645,19.04749,0.3383,5,56.29645,1.0,True
sf_scaling,Q7,1.0,300,300,(none),"opt_presort=on,opt_cumsum=on",0.70344,0.01,0.01604,0.00018,0.71958,0.00986,0.0137,5,9.16141,12.7317,True
sf_scaling,Q7,1.0,300,300,NYG,"opt_presort=on,opt_cumsum=on",0.0,0.0,9.16141,0.27094,9.16141,0.27094,0.0296,5,9.16141,1.0,True
sf_scaling,Q7,2.0,300,300,(none),"opt_presort=on,opt_cumsum=on",1.48203,0.01141,0.01887,0.00011,1.50101,0.01136,0.0076,5,16.79943,11.1921,True
sf_scaling,Q7,2.0,300,300,NYG,"opt_presort=on,opt_cumsum=on",0.0,0.0,16.79943,0.30959,16.79943,0.30959,0.0184,5,16.79943,1.0,True
sf_scaling,Q7,4.0,300,300,(none),"opt_presort=on,opt_cumsum=on",3.02426,0.03507,0.02532,0.00533,3.05567,0.03442,0.0113,5,29.98525,9.813,True
sf_scaling,Q7,4.0,300,300,NYG,"opt_presort=on,opt_cumsum=on",0.0,0.0,29.98525,0.71556,29.98525,0.71556,0.0239,5,29.98525,1.0,True
sf_scaling,Q7,8.0,300,300,(none),"opt_presort=on,opt_cumsum=on",6.39947,0.05379,0.03853,0.00085,6.43944,0.05418,0.0084,5,24.77743,3.8478,True
sf_scaling,Q7,8.0,300,300,NYG,"opt_presort=on,opt_cumsum=on",0.0,0.0,24.77743,1.0293,24.77743,1.0293,0.0415,5,24.77743,1.0,True
sf_scaling,Q7,16.0,300,300,(none),"opt_presort=on,opt_cumsum=on",12.56736,0.47342,0.06415,0.00308,12.63068,0.47604,0.0377,5,244.90162,19.3894,True
sf_scaling,Q7,16.0,300,300,NYG,"opt_presort=on,opt_cumsum=on",0.0,0.0,244.90162,115.97324,244.90162,115.97324,0.4736,5,244.90162,1.0,True
sf_scaling,Q10,1.0,4,12,RA,"opt_precompute=on,opt_presort=on,opt_encode_return=on",0.90399,0.09479,0.16222,0.00282,1.06821,0.09623,0.0901,5,0.74034,0.6931,True
sf_scaling,Q10,1.0,4,12,RDAG,"opt_precompute=on,opt_presort=on,opt_encode_return=on",0.0,0.0,0.74034,0.03479,0.74034,0.03479,0.047,5,0.74034,1.0,True
sf_scaling,Q10,2.0,4,12,RA,"opt_precompute=on,opt_presort=on,opt_encode_return=on",1.64228,0.06699,0.34418,0.00344,1.98671,0.06917,0.0348,5,1.0082,0.5075,True
sf_scaling,Q10,2.0,4,12,RDAG,"opt_precompute=on,opt_presort=on,opt_encode_return=on",0.0,0.0,1.0082,0.10022,1.0082,0.10022,0.0994,5,1.0082,1.0,True
sf_scaling,Q10,4.0,4,12,RA,"opt_precompute=on,opt_presort=on,opt_encode_return=on",3.30092,0.04483,0.7307,0.04188,4.03359,0.06034,0.015,5,1.57597,0.3907,True
sf_scaling,Q10,4.0,4,12,RDAG,"opt_precompute=on,opt_presort=on,opt_encode_return=on",0.0,0.0,1.57597,0.04484,1.57597,0.04484,0.0285,5,1.57597,1.0,True
sf_scaling,Q10,8.0,4,12,RA,"opt_precompute=on,opt_presort=on,opt_encode_return=on",6.48645,0.19895,1.5339,0.03656,8.03651,0.22642,0.0282,5,2.68059,0.3336,True
sf_scaling,Q10,8.0,4,12,RDAG,"opt_precompute=on,opt_presort=on,opt_encode_return=on",0.0,0.0,2.68059,0.07641,2.68059,0.07641,0.0285,5,2.68059,1.0,True
sf_scaling,Q10,16.0,4,12,RA,"opt_precompute=on,opt_presort=on,opt_encode_return=on",13.52838,0.30223,3.38593,0.04548,17.01431,0.29105,0.0171,5,4.38979,0.258,True
sf_scaling,Q10,16.0,4,12,RDAG,"opt_precompute=on,opt_presort=on,opt_encode_return=on",0.0,0.0,4.38979,0.23408,4.38979,0.23408,0.0533,5,4.38979,1.0,True
sf_scaling,Q10,1.0,8,24,RA,"opt_precompute=on,opt_presort=on,opt_encode_return=on",0.8648,0.0269,0.32018,0.03441,1.17577,0.04807,0.0409,5,1.37669,1.1709,True
sf_scaling,Q10,1.0,8,24,RDAG,"opt_precompute=on,opt_presort=on,opt_encode_return=on",0.0,0.0,1.37669,0.04039,1.37669,0.04039,0.0293,5,1.37669,1.0,True
sf_scaling,Q10,2.0,8,24,RA,"opt_precompute=on,opt_presort=on,opt_encode_return=on",1.62084,0.09363,0.68979,0.02717,2.31063,0.11851,0.0513,5,2.07416,0.8977,True
sf_scaling,Q10,2.0,8,24,RDAG,"opt_precompute=on,opt_presort=on,opt_encode_return=on",0.0,0.0,2.07416,0.07871,2.07416,0.07871,0.0379,5,2.07416,1.0,True
sf_scaling,Q10,4.0,8,24,RA,"opt_precompute=on,opt_presort=on,opt_encode_return=on",3.23805,0.18221,1.40469,0.02826,4.63769,0.19044,0.0411,5,3.22583,0.6956,True
sf_scaling,Q10,4.0,8,24,RDAG,"opt_precompute=on,opt_presort=on,opt_encode_return=on",0.0,0.0,3.22583,0.19168,3.22583,0.19168,0.0594,5,3.22583,1.0,True
sf_scaling,Q10,8.0,8,24,RA,"opt_precompute=on,opt_presort=on,opt_encode_return=on",6.10388,0.32299,3.11252,0.20467,9.2164,0.36189,0.0393,5,5.33312,0.5787,True
sf_scaling,Q10,8.0,8,24,RDAG,"opt_precompute=on,opt_presort=on,opt_encode_return=on",0.0,0.0,5.33312,0.10464,5.33312,0.10464,0.0196,5,5.33312,1.0,True
sf_scaling,Q10,16.0,8,24,RA,"opt_precompute=on,opt_presort=on,opt_encode_return=on",13.50058,0.39303,6.89128,0.12475,20.49441,0.33369,0.0163,5,8.93195,0.4358,True
sf_scaling,Q10,16.0,8,24,RDAG,"opt_precompute=on,opt_presort=on,opt_encode_return=on",0.0,0.0,8.93195,0.20309,8.93195,0.20309,0.0227,5,8.93195,1.0,True
sf_scaling,Q10,1.0,17,48,RA,"opt_precompute=on,opt_presort=on,opt_encode_return=on",0.82116,0.07501,0.63368,0.01539,1.45717,0.07623,0.0523,5,2.87196,1.9709,True
sf_scaling,Q10,1.0,17,48,RDAG,"opt_precompute=on,opt_presort=on,opt_encode_return=on",0.0,0.0,2.87196,0.06745,2.87196,0.06745,0.0235,5,2.87196,1.0,True
sf_scaling,Q10,2.0,17,48,RA,"opt_precompute=on,opt_presort=on,opt_encode_return=on",1.46984,0.10547,1.35924,0.02833,2.84945,0.12673,0.0445,5,4.01779,1.41,True
sf_scaling,Q10,2.0,17,48,RDAG,"opt_precompute=on,opt_presort=on,opt_encode_return=on",0.0,0.0,4.01779,0.05024,4.01779,0.05024,0.0125,5,4.01779,1.0,True
sf_scaling,Q10,4.0,17,48,RA,"opt_precompute=on,opt_presort=on,opt_encode_return=on",2.9714,0.19584,2.88391,0.07316,5.94271,0.19456,0.0327,5,6.48122,1.0906,True
sf_scaling,Q10,4.0,17,48,RDAG,"opt_precompute=on,opt_presort=on,opt_encode_return=on",0.0,0.0,6.48122,0.16698,6.48122,0.16698,0.0258,5,6.48122,1.0,True
sf_scaling,Q10,8.0,17,48,RA,"opt_precompute=on,opt_presort=on,opt_encode_return=on",5.94239,0.35593,6.12448,0.26656,12.29588,0.22218,0.0181,5,10.57545,0.8601,True
sf_scaling,Q10,8.0,17,48,RDAG,"opt_precompute=on,opt_presort=on,opt_encode_return=on",0.0,0.0,10.57545,0.23829,10.57545,0.23829,0.0225,5,10.57545,1.0,True
sf_scaling,Q10,16.0,17,48,RA,"opt_precompute=on,opt_presort=on,opt_encode_return=on",13.17204,0.51072,14.37616,1.44569,27.5482,1.47068,0.0534,5,17.35917,0.6301,True
sf_scaling,Q10,16.0,17,48,RDAG,"opt_precompute=on,opt_presort=on,opt_encode_return=on",0.0,0.0,17.35917,0.22259,17.35917,0.22259,0.0128,5,17.35917,1.0,True
sf_scaling,Q14,1.0,8,8,(none),"opt_presort=on,opt_promo_split=on",0.71547,0.05453,0.00135,4e-05,0.71684,0.0545,0.076,5,0.18089,0.2523,True
sf_scaling,Q14,1.0,8,8,SPA,"opt_presort=on,opt_promo_split=on",0.0,0.0,0.18089,0.02358,0.18089,0.02358,0.1304,5,0.18089,1.0,True
sf_scaling,Q14,2.0,8,8,(none),"opt_presort=on,opt_promo_split=on",1.52639,0.06365,0.00236,0.0001,1.52861,0.06358,0.0416,5,0.3048,0.1994,True
sf_scaling,Q14,2.0,8,8,SPA,"opt_presort=on,opt_promo_split=on",0.0,0.0,0.3048,0.01556,0.3048,0.01556,0.0511,5,0.3048,1.0,True
sf_scaling,Q14,4.0,8,8,(none),"opt_presort=on,opt_promo_split=on",2.85747,0.22796,0.00387,0.00015,2.86164,0.22801,0.0797,5,0.50938,0.178,True
sf_scaling,Q14,4.0,8,8,SPA,"opt_presort=on,opt_promo_split=on",0.0,0.0,0.50938,0.04097,0.50938,0.04097,0.0804,5,0.50938,1.0,True
sf_scaling,Q14,8.0,8,8,(none),"opt_presort=on,opt_promo_split=on",5.89913,0.38666,0.00718,0.00011,5.90634,0.38659,0.0655,5,0.56131,0.095,True
sf_scaling,Q14,8.0,8,8,SPA,"opt_presort=on,opt_promo_split=on",0.0,0.0,0.56131,0.02169,0.56131,0.02169,0.0386,5,0.56131,1.0,True
sf_scaling,Q14,16.0,8,8,(none),"opt_presort=on,opt_promo_split=on",10.93333,0.68097,0.01348,0.0004,10.94681,0.68129,0.0622,5,0.88637,0.081,True
sf_scaling,Q14,16.0,8,8,SPA,"opt_presort=on,opt_promo_split=on",0.0,0.0,0.88637,0.0301,0.88637,0.0301,0.034,5,0.88637,1.0,True
sf_scaling,Q14,1.0,16,16,(none),"opt_presort=on,opt_promo_split=on",0.72094,0.05829,0.00252,0.00015,0.72338,0.05818,0.0804,5,0.39287,0.5431,True
sf_scaling,Q14,1.0,16,16,SPA,"opt_presort=on,opt_promo_split=on",0.0,0.0,0.39287,0.02077,0.39287,0.02077,0.0529,5,0.39287,1.0,True
sf_scaling,Q14,2.0,16,16,(none),"opt_presort=on,opt_promo_split=on",1.46541,0.1273,0.00433,9e-05,1.46988,0.12731,0.0866,5,0.52674,0.3584,True
sf_scaling,Q14,2.0,16,16,SPA,"opt_presort=on,opt_promo_split=on",0.0,0.0,0.52674,0.04527,0.52674,0.04527,0.0859,5,0.52674,1.0,True
sf_scaling,Q14,4.0,16,16,(none),"opt_presort=on,opt_promo_split=on",2.938,0.26969,0.00742,0.0001,2.94526,0.26969,0.0916,5,0.99458,0.3377,True
sf_scaling,Q14,4.0,16,16,SPA,"opt_presort=on,opt_promo_split=on",0.0,0.0,0.99458,0.05618,0.99458,0.05618,0.0565,5,0.99458,1.0,True
sf_scaling,Q14,8.0,16,16,(none),"opt_presort=on,opt_promo_split=on",5.93173,0.56497,0.01404,0.00027,5.94551,0.56492,0.095,5,1.07673,0.1811,True
sf_scaling,Q14,8.0,16,16,SPA,"opt_presort=on,opt_promo_split=on",0.0,0.0,1.07673,0.01713,1.07673,0.01713,0.0159,5,1.07673,1.0,True
sf_scaling,Q14,16.0,16,16,(none),"opt_presort=on,opt_promo_split=on",11.35096,0.94759,0.02654,0.00041,11.3772,0.94794,0.0833,5,1.71997,0.1512,True
sf_scaling,Q14,16.0,16,16,SPA,"opt_presort=on,opt_promo_split=on",0.0,0.0,1.71997,0.09082,1.71997,0.09082,0.0528,5,1.71997,1.0,True
sf_scaling,Q14,1.0,32,32,(none),"opt_presort=on,opt_promo_split=on",0.7192,0.03334,0.00471,0.00012,0.72392,0.03339,0.0461,5,0.7135,0.9856,True
sf_scaling,Q14,1.0,32,32,SPA,"opt_presort=on,opt_promo_split=on",0.0,0.0,0.7135,0.03684,0.7135,0.03684,0.0516,5,0.7135,1.0,True
sf_scaling,Q14,2.0,32,32,(none),"opt_presort=on,opt_promo_split=on",1.45363,0.04939,0.00804,0.00057,1.46148,0.04898,0.0335,5,1.14369,0.7826,True
sf_scaling,Q14,2.0,32,32,SPA,"opt_presort=on,opt_promo_split=on",0.0,0.0,1.14369,0.05591,1.14369,0.05591,0.0489,5,1.14369,1.0,True
sf_scaling,Q14,4.0,32,32,(none),"opt_presort=on,opt_promo_split=on",2.78426,0.21476,0.01438,0.00046,2.79854,0.21488,0.0768,5,1.98829,0.7105,True
sf_scaling,Q14,4.0,32,32,SPA,"opt_presort=on,opt_promo_split=on",0.0,0.0,1.98829,0.15726,1.98829,0.15726,0.0791,5,1.98829,1.0,True
sf_scaling,Q14,8.0,32,32,(none),"opt_presort=on,opt_promo_split=on",5.74938,0.43436,0.02806,0.00092,5.77736,0.43366,0.0751,5,2.1387,0.3702,True
sf_scaling,Q14,8.0,32,32,SPA,"opt_presort=on,opt_promo_split=on",0.0,0.0,2.1387,0.02727,2.1387,0.02727,0.0128,5,2.1387,1.0,True
sf_scaling,Q14,16.0,32,32,(none),"opt_presort=on,opt_promo_split=on",10.63169,0.0954,0.05192,0.0011,10.68361,0.09529,0.0089,5,3.70196,0.3465,True
sf_scaling,Q14,16.0,32,32,SPA,"opt_presort=on,opt_promo_split=on",0.0,0.0,3.70196,0.95359,3.70196,0.95359,0.2576,5,3.70196,1.0,True
sf_scaling,Q14,1.0,62,60,(none),"opt_presort=on,opt_promo_split=on",0.63765,0.00639,0.00819,0.00031,0.64567,0.00664,0.0103,5,1.37251,2.1257,True
sf_scaling,Q14,1.0,62,60,SPA,"opt_presort=on,opt_promo_split=on",0.0,0.0,1.37251,0.08688,1.37251,0.08688,0.0633,5,1.37251,1.0,True
sf_scaling,Q14,2.0,62,60,(none),"opt_presort=on,opt_promo_split=on",1.42079,0.08377,0.0154,0.00061,1.43519,0.08397,0.0585,5,2.12653,1.4817,True
sf_scaling,Q14,2.0,62,60,SPA,"opt_presort=on,opt_promo_split=on",0.0,0.0,2.12653,0.03219,2.12653,0.03219,0.0151,5,2.12653,1.0,True
sf_scaling,Q14,4.0,62,60,(none),"opt_presort=on,opt_promo_split=on",2.86692,0.14698,0.02722,0.00039,2.89422,0.14704,0.0508,5,3.82825,1.3227,True
sf_scaling,Q14,4.0,62,60,SPA,"opt_presort=on,opt_promo_split=on",0.0,0.0,3.82825,0.03904,3.82825,0.03904,0.0102,5,3.82825,1.0,True
sf_scaling,Q14,8.0,62,60,(none),"opt_presort=on,opt_promo_split=on",5.7331,0.24605,0.051,0.00057,5.78316,0.2458,0.0425,5,4.03963,0.6985,True
sf_scaling,Q14,8.0,62,60,SPA,"opt_presort=on,opt_promo_split=on",0.0,0.0,4.03963,0.0678,4.03963,0.0678,0.0168,5,4.03963,1.0,True
sf_scaling,Q14,16.0,62,60,(none),"opt_presort=on,opt_promo_split=on",10.63771,0.38358,0.09731,0.00101,10.73682,0.38299,0.0357,5,12.00738,1.1183,True
sf_scaling,Q14,16.0,62,60,SPA,"opt_presort=on,opt_promo_split=on",0.0,0.0,12.00738,4.02777,12.00738,4.02777,0.3354,5,12.00738,1.0,True
sf_scaling,Q4,1.0,8,32,E,"opt_presort_orders=on,opt_encode_priority=on",0.18703,0.01317,0.03726,0.00046,0.22413,0.01345,0.06,5,0.86062,3.8399,True
sf_scaling,Q4,1.0,8,32,EJDG,"opt_presort_orders=on,opt_encode_priority=on",0.0,0.0,0.86062,0.02233,0.86062,0.02233,0.026,5,0.86062,1.0,True
sf_scaling,Q4,2.0,8,32,E,"opt_presort_orders=on,opt_encode_priority=on",0.41704,0.01613,0.07211,0.0008,0.48848,0.01668,0.0341,5,1.39137,2.8484,True
sf_scaling,Q4,2.0,8,32,EJDG,"opt_presort_orders=on,opt_encode_priority=on",0.0,0.0,1.39137,0.03235,1.39137,0.03235,0.0233,5,1.39137,1.0,True
sf_scaling,Q4,4.0,8,32,E,"opt_presort_orders=on,opt_encode_priority=on",0.79795,0.0384,0.14318,0.00077,0.94281,0.03866,0.041,5,2.36148,2.5047,True
sf_scaling,Q4,4.0,8,32,EJDG,"opt_presort_orders=on,opt_encode_priority=on",0.0,0.0,2.36148,0.06,2.36148,0.06,0.0254,5,2.36148,1.0,True
sf_scaling,Q4,8.0,8,32,E,"opt_presort_orders=on,opt_encode_priority=on",2.27756,0.02565,0.28945,0.00168,2.56741,0.02721,0.0106,5,4.73291,1.8435,True
sf_scaling,Q4,8.0,8,32,EJDG,"opt_presort_orders=on,opt_encode_priority=on",0.0,0.0,4.73291,0.06947,4.73291,0.06947,0.0147,5,4.73291,1.0,True
sf_scaling,Q4,16.0,8,32,E,"opt_presort_orders=on,opt_encode_priority=on",4.70239,0.0661,0.59738,0.00299,5.29676,0.0644,0.0122,5,7.34858,1.3874,True
sf_scaling,Q4,16.0,8,32,EJDG,"opt_presort_orders=on,opt_encode_priority=on",0.0,0.0,7.34858,0.2156,7.34858,0.2156,0.0293,5,7.34858,1.0,True
sf_scaling,Q4,1.0,32,128,E,"opt_presort_orders=on,opt_encode_priority=on",0.16324,0.01597,0.14592,0.00048,0.3102,0.0159,0.0513,5,3.44025,11.0905,True
sf_scaling,Q4,1.0,32,128,EJDG,"opt_presort_orders=on,opt_encode_priority=on",0.0,0.0,3.44025,0.07165,3.44025,0.07165,0.0208,5,3.44025,1.0,True
sf_scaling,Q4,2.0,32,128,E,"opt_presort_orders=on,opt_encode_priority=on",0.38434,0.00724,0.2856,0.00193,0.66932,0.00803,0.012,5,5.51452,8.239,True
sf_scaling,Q4,2.0,32,128,EJDG,"opt_presort_orders=on,opt_encode_priority=on",0.0,0.0,5.51452,0.12228,5.51452,0.12228,0.0222,5,5.51452,1.0,True
sf_scaling,Q4,4.0,32,128,E,"opt_presort_orders=on,opt_encode_priority=on",0.726,0.02406,0.56939,0.00192,1.29433,0.02577,0.0199,5,9.30295,7.1875,True
sf_scaling,Q4,4.0,32,128,EJDG,"opt_presort_orders=on,opt_encode_priority=on",0.0,0.0,9.30295,0.35196,9.30295,0.35196,0.0378,5,9.30295,1.0,True
sf_scaling,Q4,8.0,32,128,E,"opt_presort_orders=on,opt_encode_priority=on",2.33516,0.03638,1.15261,0.02482,3.50006,0.04081,0.0117,5,18.90562,5.4015,True
sf_scaling,Q4,8.0,32,128,EJDG,"opt_presort_orders=on,opt_encode_priority=on",0.0,0.0,18.90562,0.42559,18.90562,0.42559,0.0225,5,18.90562,1.0,True
sf_scaling,Q4,16.0,32,128,E,"opt_presort_orders=on,opt_encode_priority=on",4.61978,0.09418,2.37065,0.01045,6.98921,0.10237,0.0146,5,28.81754,4.1231,True
sf_scaling,Q4,16.0,32,128,EJDG,"opt_presort_orders=on,opt_encode_priority=on",0.0,0.0,28.81754,0.49503,28.81754,0.49503,0.0172,5,28.81754,1.0,True
sf_scaling,Q4,1.0,60,232,E,"opt_presort_orders=on,opt_encode_priority=on",0.16754,0.01703,0.26645,0.00177,0.43206,0.01728,0.04,5,6.2531,14.4728,True
sf_scaling,Q4,1.0,60,232,EJDG,"opt_presort_orders=on,opt_encode_priority=on",0.0,0.0,6.2531,0.08842,6.2531,0.08842,0.0141,5,6.2531,1.0,True
sf_scaling,Q4,2.0,60,232,E,"opt_presort_orders=on,opt_encode_priority=on",0.39141,0.02271,0.51662,0.00066,0.90906,0.02229,0.0245,5,9.90176,10.8923,True
sf_scaling,Q4,2.0,60,232,EJDG,"opt_presort_orders=on,opt_encode_priority=on",0.0,0.0,9.90176,0.12767,9.90176,0.12767,0.0129,5,9.90176,1.0,True
sf_scaling,Q4,4.0,60,232,E,"opt_presort_orders=on,opt_encode_priority=on",0.78081,0.15866,1.03484,0.00911,1.83125,0.16211,0.0885,5,16.6541,9.0944,True
sf_scaling,Q4,4.0,60,232,EJDG,"opt_presort_orders=on,opt_encode_priority=on",0.0,0.0,16.6541,0.48389,16.6541,0.48389,0.0291,5,16.6541,1.0,True
sf_scaling,Q4,8.0,60,232,E,"opt_presort_orders=on,opt_encode_priority=on",2.27881,0.03817,2.09506,0.00588,4.36857,0.04135,0.0095,5,33.54685,7.6791,True
sf_scaling,Q4,8.0,60,232,EJDG,"opt_presort_orders=on,opt_encode_priority=on",0.0,0.0,33.54685,0.93094,33.54685,0.93094,0.0278,5,33.54685,1.0,True
sf_scaling,Q4,16.0,60,232,E,"opt_presort_orders=on,opt_encode_priority=on",4.55877,0.06243,4.28979,0.00845,8.8548,0.06795,0.0077,5,51.86442,5.8572,True
sf_scaling,Q4,16.0,60,232,EJDG,"opt_presort_orders=on,opt_encode_priority=on",0.0,0.0,51.86442,0.4301,51.86442,0.4301,0.0083,5,51.86442,1.0,True
